0;0;0;0;land;false;unknown;0
1;197;202;222;land;false;forest;1
2;191;215;120;land;false;forest;1
3;235;113;164;land;false;mountain;1
4;55;245;201;land;false;desert;1
5;216;187;240;land;false;plains;1
6;158;203;146;land;false;plains;1
7;161;143;249;land;false;desert;1
8;93;239;246;land;false;forest;1
9;206;249;211;land;false;hills;1
10;230;215;150;land;false;mountain;1
11;254;147;211;land;false;plains;1
12;235;191;126;land;false;forest;1
13;159;202;227;land;true;forest;1
14;159;201;163;land;false;forest;1
15;190;137;203;land;true;forest;1
16;231;226;74;land;false;plains;1
17;223;232;156;land;false;plains;1
18;64;239;229;land;false;desert;1
19;249;175;119;land;false;forest;1
20;254;232;179;land;true;hills;1
21;240;121;227;land;false;plains;1
22;139;233;131;land;false;plains;1
23;190;199;141;land;false;desert;1
24;246;177;251;land;false;forest;1
25;242;201;214;land;false;forest;1
26;237;188;148;land;false;hills;1
27;201;241;195;land;true;mountain;1
28;109;218;203;land;false;forest;1
29;108;171;246;land;false;forest;1
30;188;226;242;land;false;plains;1
31;149;180;193;land;false;mountain;1
32;208;134;195;land;false;forest;1
33;196;209;177;land;false;forest;1
34;250;253;121;land;false;plains;1
35;217;200;162;land;false;plains;1
36;207;200;187;land;false;plains;1
37;184;195;131;land;false;plains;1
38;220;222;229;land;false;forest;1
39;94;211;251;land;false;forest;1
40;122;254;174;land;false;forest;1
41;65;253;232;land;false;forest;1
42;213;250;70;land;false;hills;1
43;213;105;233;land;false;forest;1
44;227;232;130;land;true;hills;1
45;254;220;120;land;true;hills;1
46;236;131;172;land;true;forest;1
47;105;187;244;land;false;plains;1
48;236;244;52;land;true;hills;1
49;226;253;191;land;false;plains;1
50;154;183;183;land;false;plains;1
51;225;23;254;land;false;forest;1
52;164;250;253;land;false;plains;1
53;204;234;85;land;false;plains;1
54;76;232;247;land;false;plains;1
55;220;114;184;land;true;forest;1
56;225;127;167;land;false;plains;1
57;198;158;181;land;false;forest;1
58;129;254;146;land;false;forest;1
59;254;185;104;land;false;plains;1
60;224;129;156;land;false;plains;1
61;188;157;225;land;false;forest;1
62;243;207;51;land;false;mountain;1
63;182;107;236;land;false;plains;1
64;243;242;53;land;false;plains;1
65;192;220;240;land;false;desert;1
66;155;253;151;land;false;forest;1
67;241;112;184;land;false;forest;1
68;79;173;252;land;false;plains;1
69;222;236;115;land;true;plains;1
70;204;138;183;land;true;forest;1
71;198;247;172;land;true;mountain;1
72;211;153;182;land;false;plains;1
73;106;249;177;land;true;mountain;1
74;200;229;179;land;false;plains;1
75;105;153;243;land;false;hills;1
76;94;239;238;land;false;plains;1
77;167;129;224;land;false;desert;1
78;67;214;249;land;false;desert;1
79;229;236;159;land;true;forest;1
80;179;224;104;land;false;plains;1
81;241;213;124;land;false;forest;1
82;190;227;118;land;false;hills;1
83;98;224;238;land;true;plains;1
84;141;229;232;land;false;plains;1
85;157;227;244;land;false;hills;1
86;169;194;178;land;false;mountain;1
87;114;251;253;land;false;plains;1
88;226;201;126;land;false;plains;1
89;60;252;221;land;false;plains;1
90;76;252;175;land;false;desert;1
91;183;136;246;land;false;plains;1
92;52;227;238;land;false;mountain;1
93;207;249;175;land;false;hills;1
94;236;94;189;land;false;plains;1
95;253;236;210;land;false;plains;1
96;126;180;233;land;false;hills;1
97;120;161;234;land;true;hills;1
98;138;235;138;land;false;hills;1
99;125;174;221;land;false;desert;1
100;42;244;245;land;false;forest;1
101;207;65;239;land;false;plains;1
102;233;95;251;land;false;forest;1
103;121;205;254;land;false;plains;1
104;252;168;118;land;false;plains;1
105;36;253;231;land;false;hills;1
106;91;242;228;land;false;hills;1
107;248;240;163;land;false;forest;1
108;192;161;235;land;false;plains;1
109;203;211;193;land;false;desert;1
110;212;237;154;land;false;plains;1
111;223;247;219;land;false;forest;1
112;113;243;152;land;true;forest;1
113;199;218;186;land;true;forest;1
114;240;248;92;land;false;plains;1
115;188;226;95;land;false;plains;1
116;165;178;178;land;false;plains;1
117;230;106;233;land;false;mountain;1
118;145;195;191;land;true;forest;1
119;126;235;209;land;false;plains;1
120;167;209;137;land;false;forest;1
121;239;182;211;land;false;forest;1
122;250;118;154;land;true;desert;1
123;186;211;140;land;false;hills;1
124;164;135;209;land;true;hills;1
125;171;135;210;land;false;plains;1
126;190;223;156;land;false;forest;1
127;186;225;160;land;false;plains;1
128;119;150;248;land;false;plains;1
129;165;221;246;land;false;desert;1
130;219;133;172;land;false;plains;1
131;229;189;239;land;false;hills;1
132;238;228;223;land;false;forest;1
133;230;96;235;land;false;plains;1
134;216;244;75;land;false;forest;1
135;229;178;236;land;false;desert;1
136;230;145;232;land;false;forest;1
137;213;71;222;land;false;mountain;1
138;246;106;226;land;false;plains;1
139;146;249;219;land;true;mountain;1
140;62;221;224;land;false;desert;1
141;195;164;209;land;false;hills;1
142;142;202;242;land;true;desert;1
143;197;155;193;land;false;desert;1
144;143;144;218;land;true;forest;1
145;253;201;223;land;false;desert;1
146;205;196;178;land;false;forest;1
147;253;245;156;land;false;plains;1
148;118;248;176;land;false;plains;1
149;205;201;148;land;false;plains;1
150;219;207;162;land;true;plains;1
151;218;209;232;land;false;forest;1
152;227;144;239;land;false;mountain;1
153;81;232;218;land;false;forest;1
154;198;245;158;land;false;desert;1
155;242;148;141;land;false;forest;1
156;231;183;110;land;true;plains;1
157;222;162;138;land;false;hills;1
158;156;199;233;land;false;mountain;1
159;102;208;254;land;false;desert;1
160;110;191;238;land;false;hills;1
161;208;105;194;land;true;hills;1
162;124;200;194;land;false;desert;1
163;159;212;204;land;false;plains;1
164;243;248;197;land;true;plains;1
165;108;244;225;land;false;plains;1
166;125;224;208;land;false;forest;1
167;223;172;144;land;false;plains;1
168;201;154;150;land;false;plains;1
169;221;172;249;land;false;forest;1
170;194;150;254;land;false;hills;1
171;227;168;120;land;true;forest;1
172;234;171;193;land;false;hills;1
173;232;219;172;land;false;mountain;1
174;180;145;186;land;false;hills;1
175;236;120;211;land;true;desert;1
176;138;252;177;land;false;forest;1
177;82;230;223;land;false;desert;1
178;218;101;209;land;true;mountain;1
179;152;160;251;land;false;plains;1
180;244;203;183;land;true;forest;1
181;217;235;235;land;false;forest;1
182;251;243;121;land;false;plains;1
183;74;211;237;land;false;plains;1
184;196;163;182;land;true;forest;1
185;248;136;240;land;false;mountain;1
186;226;144;180;land;false;forest;1
187;210;151;209;land;false;forest;1
188;238;100;197;land;false;plains;1
189;207;167;213;land;false;plains;1
190;253;209;128;land;false;plains;1
191;133;237;148;land;true;plains;1
192;242;231;184;land;false;forest;1
193;244;189;186;land;false;mountain;1
194;251;245;159;land;false;plains;1
195;147;173;223;land;false;plains;1
196;244;173;128;land;false;forest;1
197;251;216;88;land;true;hills;1
198;188;181;227;land;true;hills;1
199;204;186;198;land;false;forest;1
200;207;181;174;land;false;plains;1
201;247;108;201;land;false;hills;1
202;143;194;176;land;false;hills;1
203;253;220;72;land;true;plains;1
204;197;118;222;land;false;plains;1
205;222;104;196;land;false;hills;1
206;210;76;223;land;false;forest;1
207;113;217;240;land;true;plains;1
208;182;238;229;land;false;plains;1
209;252;252;123;land;false;forest;1
210;166;134;210;land;false;plains;1
211;148;232;185;land;true;forest;1
212;250;229;239;land;false;forest;1
213;206;150;196;land;false;desert;1
214;252;73;232;land;false;plains;1
215;117;253;165;land;true;plains;1
216;119;141;242;land;false;plains;1
217;180;252;115;land;false;forest;1
218;237;114;221;land;false;desert;1
219;184;212;253;land;false;plains;1
220;213;248;108;land;false;plains;1
221;185;187;143;land;false;plains;1
222;231;195;177;land;false;mountain;1
223;249;188;178;land;false;hills;1
224;252;229;130;land;false;forest;1
225;177;179;200;land;false;plains;1
226;220;249;47;land;true;forest;1
227;221;124;213;land;false;hills;1
228;130;174;231;land;false;plains;1
229;206;217;111;land;false;mountain;1
230;121;179;252;land;false;desert;1
231;183;186;219;land;false;forest;1
232;206;227;134;land;false;desert;1
233;245;64;230;land;false;plains;1
234;170;121;224;land;false;plains;1
235;194;239;246;land;false;forest;1
236;209;148;183;land;false;plains;1
237;195;226;254;land;false;forest;1
238;208;115;232;land;false;hills;1
239;72;253;187;land;false;plains;1
240;244;252;52;land;false;desert;1
241;154;188;170;land;false;hills;1
242;249;204;95;land;false;forest;1
243;247;123;197;land;false;forest;1
244;183;169;250;land;false;hills;1
245;161;250;239;land;false;plains;1
246;106;235;240;land;true;forest;1
247;239;223;133;land;false;forest;1
248;97;253;226;land;false;desert;1
249;229;95;230;land;false;forest;1
250;175;196;139;land;false;hills;1
251;220;212;151;land;false;forest;1
252;193;233;169;land;true;plains;1
253;193;154;230;land;false;plains;1
254;244;213;196;land;false;plains;1
255;252;156;126;land;false;plains;1
256;201;172;221;land;true;hills;1
257;176;212;205;land;true;plains;1
258;248;139;243;land;true;forest;1
259;95;227;251;land;false;plains;1
260;190;152;204;land;true;forest;1
261;251;6;250;land;false;plains;1
262;175;171;158;land;false;desert;1
263;156;126;252;land;false;desert;1
264;251;240;185;land;false;hills;1
265;170;248;115;land;false;hills;1
266;235;177;164;land;false;plains;1
267;130;199;212;land;false;forest;1
268;234;120;219;land;false;plains;1
269;50;240;245;land;false;hills;1
270;178;229;138;land;false;desert;1
271;240;79;206;land;true;forest;1
272;184;188;164;land;false;forest;1
273;189;251;103;land;false;hills;1
274;221;107;215;land;false;plains;1
275;244;217;73;land;false;hills;1
276;152;218;191;land;false;plains;1
277;247;254;244;land;false;plains;1
278;183;252;167;land;false;plains;1
279;214;240;177;land;true;plains;1
280;251;130;219;land;false;forest;1
281;186;200;155;land;false;plains;1
282;92;229;207;land;false;desert;1
283;219;175;191;land;false;plains;1
284;205;209;236;land;true;mountain;1
285;217;171;221;land;true;forest;1
286;120;223;181;land;false;forest;1
287;210;194;140;land;false;forest;1
288;239;222;89;land;true;plains;1
289;218;195;104;land;false;plains;1
290;241;130;176;land;false;plains;1
291;126;177;246;land;false;forest;1
292;179;169;225;land;false;hills;1
293;50;214;239;land;false;hills;1
294;190;123;223;land;false;desert;1
295;241;71;191;land;false;hills;1
296;197;207;192;land;false;hills;1
297;148;224;250;land;false;plains;1
298;112;248;222;land;false;plains;1
299;238;244;189;land;false;hills;1
300;160;236;164;land;true;forest;1
301;182;181;149;land;true;plains;1
302;224;142;146;land;false;plains;1
303;223;252;117;land;false;forest;1
304;204;124;199;land;false;plains;1
305;206;227;239;land;false;forest;1
306;133;249;226;land;true;plains;1
307;203;228;239;land;false;forest;1
308;223;104;241;land;false;desert;1
309;229;191;83;land;false;plains;1
310;229;233;74;land;false;plains;1
311;219;109;200;land;false;plains;1
312;237;90;195;land;false;forest;1
313;251;122;214;land;false;hills;1
314;243;199;228;land;false;plains;1
315;145;226;165;land;false;forest;1
316;181;161;185;land;false;mountain;1
317;210;141;254;land;false;desert;1
318;239;149;248;land;true;plains;1
319;104;234;228;land;false;forest;1
320;251;167;215;land;true;forest;1
321;188;161;166;land;false;desert;1
322;220;160;183;land;false;hills;1
323;169;212;169;land;false;plains;1
324;211;151;188;land;false;desert;1
325;244;99;180;land;false;desert;1
326;237;105;227;land;false;forest;1
327;157;238;109;land;false;plains;1
328;244;133;131;land;false;hills;1
329;209;222;129;land;false;forest;1
330;166;204;132;land;false;forest;1
331;225;180;250;land;false;plains;1
332;243;247;71;land;false;plains;1
333;252;178;226;land;true;forest;1
334;181;135;205;land;false;plains;1
335;238;200;235;land;true;forest;1
336;161;238;141;land;false;plains;1
337;246;133;221;land;true;plains;1
338;223;88;222;land;false;plains;1
339;244;251;194;land;false;desert;1
340;132;134;246;land;false;hills;1
341;153;254;116;land;false;desert;1
342;252;89;246;land;false;forest;1
343;103;237;178;land;true;mountain;1
344;153;189;246;land;true;hills;1
345;125;245;156;land;false;plains;1
346;209;202;101;land;false;mountain;1
347;207;140;222;land;false;plains;1
348;228;70;219;land;true;hills;1
349;239;58;240;land;false;desert;1
350;221;252;221;land;false;forest;1
351;84;217;219;land;false;plains;1
352;248;200;165;land;false;desert;1
353;218;100;233;land;true;desert;1
354;247;199;230;land;true;hills;1
355;190;99;220;land;false;forest;1
356;236;120;217;land;false;hills;1
357;222;122;211;land;false;plains;1
358;199;188;219;land;false;plains;1
359;226;174;217;land;false;forest;1
360;234;68;247;land;false;mountain;1
361;236;143;177;land;false;hills;1
362;229;32;242;land;false;plains;1
363;246;150;202;land;false;hills;1
364;233;250;52;land;false;forest;1
365;252;115;219;land;false;forest;1
366;172;159;228;land;false;forest;1
367;222;214;254;land;false;plains;1
368;156;231;236;land;false;hills;1
369;142;245;146;land;false;desert;1
370;83;236;223;land;false;forest;1
371;248;161;97;land;false;hills;1
372;98;235;254;land;false;plains;1
373;229;87;219;land;false;plains;1
374;188;241;96;land;false;plains;1
375;69;229;241;land;false;desert;1
376;196;177;253;land;false;plains;1
377;254;251;160;land;false;plains;1
378;170;133;248;land;false;desert;1
379;224;141;136;land;false;forest;1
380;208;214;168;land;false;plains;1
381;152;236;247;land;false;forest;1
382;253;239;206;land;false;desert;1
383;226;139;167;land;false;hills;1
384;174;180;181;land;false;plains;1
385;178;173;249;land;true;mountain;1
386;186;163;246;land;false;plains;1
387;173;228;175;land;true;forest;1
388;60;226;241;land;true;hills;1
389;241;241;125;land;false;hills;1
390;223;200;78;land;true;plains;1
391;153;203;211;land;false;hills;1
392;179;233;231;land;false;plains;1
393;198;169;217;land;false;hills;1
394;161;232;229;land;false;forest;1
395;212;228;202;land;true;plains;1
396;249;69;195;land;false;desert;1
397;227;214;86;land;false;hills;1
398;140;224;147;land;false;forest;1
399;220;134;241;land;false;plains;1
400;199;251;109;land;false;plains;1
401;200;245;218;land;true;forest;1
402;224;197;194;land;false;hills;1
403;223;247;81;land;false;plains;1
404;252;30;237;land;false;plains;1
405;223;131;191;land;false;plains;1
406;107;206;207;land;false;forest;1
407;187;169;147;land;false;plains;1
408;166;244;98;land;false;plains;1
409;36;241;242;land;false;plains;1
410;175;167;171;land;false;desert;1
411;210;183;148;land;false;plains;1
412;160;117;224;land;false;forest;1
413;201;240;222;land;false;desert;1
414;218;217;149;land;false;hills;1
415;240;113;177;land;false;desert;1
416;156;232;202;land;false;plains;1
417;246;104;241;land;false;plains;1
418;221;242;63;land;false;plains;1
419;91;192;253;land;true;plains;1
420;202;240;148;land;false;plains;1
421;228;221;102;land;true;mountain;1
422;101;208;211;land;false;plains;1
423;200;162;176;land;false;plains;1
424;200;222;101;land;false;plains;1
425;146;148;232;land;true;hills;1
426;227;175;134;land;false;plains;1
427;190;175;158;land;false;plains;1
428;109;221;223;land;false;forest;1
429;246;181;77;land;true;forest;1
430;210;173;248;land;false;plains;1
431;210;143;180;land;false;plains;1
432;239;233;154;land;false;forest;1
433;232;253;191;land;false;desert;1
434;163;200;172;land;true;forest;1
435;212;163;212;land;true;hills;1
436;245;136;208;land;false;plains;1
437;224;254;108;land;true;desert;1
438;215;184;144;land;false;desert;1
439;230;245;66;land;false;forest;1
440;218;241;67;land;false;forest;1
441;117;186;201;land;false;plains;1
442;164;148;215;land;true;plains;1
443;233;219;99;land;false;desert;1
444;251;242;131;land;false;forest;1
445;191;241;180;land;true;mountain;1
446;182;144;192;land;false;desert;1
447;248;143;225;land;false;plains;1
448;207;204;175;land;false;plains;1
449;212;98;253;land;true;desert;1
450;145;209;188;land;false;forest;1
451;247;244;246;land;false;hills;1
452;189;245;227;land;false;plains;1
453;253;217;206;land;false;plains;1
454;241;103;218;land;true;hills;1
455;156;165;217;land;false;mountain;1
456;234;225;64;land;false;plains;1
457;253;253;187;land;false;plains;1
458;206;241;139;land;false;mountain;1
459;240;209;238;land;true;mountain;1
460;170;232;109;land;true;forest;1
461;199;192;122;land;true;desert;1
462;191;113;248;land;false;plains;1
463;199;222;93;land;false;plains;1
464;215;81;250;land;false;plains;1
465;241;142;228;land;false;plains;1
466;173;235;108;land;false;forest;1
467;153;183;207;land;false;forest;1
468;157;180;186;land;false;plains;1
469;112;238;212;land;false;plains;1
470;211;152;229;land;false;hills;1
471;201;178;162;land;false;plains;1
472;196;251;93;land;false;desert;1
473;231;240;97;land;false;hills;1
474;192;250;59;land;false;forest;1
475;139;230;157;land;false;plains;1
476;218;159;197;land;false;plains;1
477;226;250;60;land;true;forest;1
478;111;234;196;land;false;desert;1
479;192;196;252;land;false;plains;1
480;173;217;245;land;true;hills;1
481;231;252;177;land;false;mountain;1
482;249;158;211;land;false;mountain;1
483;199;211;191;land;false;forest;1
484;156;221;170;land;false;plains;1
485;241;102;166;land;false;plains;1
486;239;231;195;land;true;plains;1
487;179;233;142;land;false;plains;1
488;222;126;188;land;false;plains;1
489;170;131;231;land;false;forest;1
490;253;199;92;land;false;mountain;1
491;190;150;254;land;false;plains;1
492;208;97;198;land;false;mountain;1
493;174;220;185;land;true;mountain;1
494;216;228;224;land;true;forest;1
495;203;244;152;land;false;desert;1
496;76;184;250;land;true;mountain;1
497;250;81;228;land;false;plains;1
498;228;214;117;land;false;plains;1
499;157;249;188;land;true;plains;1
500;151;222;235;land;true;forest;1
501;244;86;188;land;false;hills;1
502;163;180;241;land;false;plains;1
503;244;89;252;land;true;forest;1
504;225;235;117;land;false;plains;1
505;162;189;246;land;true;plains;1
506;204;224;85;land;false;forest;1
507;233;64;241;land;false;forest;1
508;134;225;173;land;false;hills;1
509;198;145;213;land;false;mountain;1
510;231;237;86;land;false;hills;1
511;249;236;92;land;false;forest;1
512;244;147;168;land;false;forest;1
513;152;196;183;land;false;mountain;1
514;237;203;216;land;false;forest;1
515;113;179;233;land;false;plains;1
516;125;218;239;land;false;plains;1
517;111;243;211;land;false;forest;1
518;218;240;224;land;false;plains;1
519;232;204;72;land;false;plains;1
520;212;141;247;land;false;forest;1
521;208;123;241;land;false;hills;1
522;131;204;172;land;false;plains;1
523;205;220;246;land;false;plains;1
524;215;159;226;land;true;mountain;1
525;178;232;200;land;false;plains;1
526;173;237;236;land;false;forest;1
527;197;246;143;land;false;plains;1
528;201;162;248;land;false;forest;1
529;169;212;224;land;false;hills;1
530;172;178;172;land;true;forest;1
531;193;216;251;land;false;forest;1
532;225;165;164;land;false;forest;1
533;253;63;238;land;false;hills;1
534;174;212;215;land;false;mountain;1
535;215;165;245;land;false;plains;1
536;227;238;54;land;false;plains;1
537;243;198;128;land;false;plains;1
538;243;171;133;land;false;mountain;1
539;249;43;219;land;true;forest;1
540;109;254;140;land;false;forest;1
541;189;209;189;land;false;plains;1
542;135;155;226;land;false;desert;1
543;222;158;130;land;false;hills;1
544;131;166;220;land;true;plains;1
545;142;249;196;land;false;forest;1
546;236;215;246;land;false;hills;1
547;246;179;214;land;false;forest;1
548;178;147;227;land;false;plains;1
549;253;212;133;land;true;desert;1
550;121;224;241;land;false;forest;1
551;238;180;215;land;false;forest;1
552;207;242;170;land;false;desert;1
553;193;219;244;land;false;plains;1
554;154;197;247;land;false;mountain;1
555;204;131;214;land;false;plains;1
556;252;121;166;land;false;plains;1
557;210;166;135;land;false;desert;1
558;199;199;114;land;true;forest;1
559;142;197;208;land;true;forest;1
560;173;190;249;land;false;plains;1
561;244;201;250;land;false;plains;1
562;192;181;207;land;false;desert;1
563;214;149;206;land;false;hills;1
564;234;192;102;land;false;plains;1
565;227;217;115;land;false;plains;1
566;240;132;130;land;false;forest;1
567;178;250;85;land;false;hills;1
568;179;201;190;land;false;plains;1
569;145;245;155;land;false;mountain;1
570;99;215;199;land;false;plains;1
571;224;113;195;land;false;hills;1
572;113;253;246;land;false;forest;1
573;201;207;245;land;false;forest;1
574;51;253;205;land;false;plains;1
575;213;197;212;land;false;hills;1
576;168;253;162;land;true;plains;1
577;145;231;219;land;false;desert;1
578;125;134;249;land;false;plains;1
579;243;198;88;land;false;plains;1
580;212;103;250;land;false;plains;1
581;103;242;180;land;false;plains;1
582;224;238;82;land;false;plains;1
583;225;163;198;land;true;plains;1
584;185;241;147;land;false;hills;1
585;224;226;88;land;false;forest;1
586;250;72;235;land;false;mountain;1
587;187;182;167;land;false;forest;1
588;168;247;231;land;false;plains;1
589;243;195;140;land;false;desert;1
590;217;191;205;land;false;plains;1
591;133;238;235;land;true;hills;1
592;235;101;244;land;true;plains;1
593;212;208;91;land;false;plains;1
594;200;233;146;land;false;plains;1
595;92;229;182;land;false;plains;1
596;180;168;160;land;false;hills;1
597;103;225;210;land;true;forest;1
598;230;188;142;land;false;desert;1
599;32;248;231;land;false;plains;1
600;147;242;209;land;false;forest;1
601;243;214;166;land;false;hills;1
602;243;43;254;land;false;desert;1
603;187;111;220;land;false;plains;1
604;220;110;197;land;true;hills;1
605;218;109;183;land;false;desert;1
606;243;130;165;land;false;hills;1
607;89;239;242;land;false;forest;1
608;134;189;202;land;false;plains;1
609;126;240;179;land;true;forest;1
610;246;171;127;land;true;forest;1
611;248;151;162;land;true;forest;1
612;214;221;210;land;false;mountain;1
613;249;152;213;land;false;plains;1
614;226;193;118;land;false;plains;1
615;250;114;150;land;false;hills;1
616;153;252;178;land;true;plains;1
617;69;181;251;land;false;hills;1
618;249;102;155;land;false;hills;1
619;101;225;207;land;false;hills;1
620;178;182;250;land;true;plains;1
621;248;143;220;land;false;plains;1
622;160;130;244;land;false;plains;1
623;226;191;208;land;true;forest;1
624;242;188;208;land;true;plains;1
625;242;241;34;land;true;plains;1
626;95;239;201;land;false;forest;1
627;109;230;244;land;false;plains;1
628;180;157;218;land;false;desert;1
629;237;61;253;land;true;hills;1
630;197;161;207;land;true;forest;1
631;237;174;228;land;false;plains;1
632;197;200;197;land;false;forest;1
633;219;202;233;land;true;plains;1
634;197;234;238;land;false;desert;1
635;242;232;101;land;false;desert;1
636;229;234;185;land;false;hills;1
637;241;196;121;land;false;desert;1
638;149;246;205;land;false;desert;1
639;202;247;63;land;false;forest;1
640;85;206;252;land;false;forest;1
641;208;83;247;land;true;forest;1
642;62;237;224;land;false;hills;1
643;210;226;86;land;true;hills;1
644;202;250;174;land;false;desert;1
645;195;249;108;land;false;mountain;1
646;59;238;232;land;false;plains;1
647;211;145;154;land;false;plains;1
648;254;222;66;land;false;forest;1
649;149;163;199;land;true;hills;1
650;193;252;158;land;true;plains;1
651;243;218;172;land;false;plains;1
652;228;174;162;land;false;plains;1
653;218;250;96;land;false;forest;1
654;233;251;249;land;false;desert;1
655;200;199;146;land;false;plains;1
656;239;147;186;land;false;plains;1
657;194;235;107;land;false;plains;1
658;235;245;237;land;true;plains;1
659;187;196;242;land;false;desert;1
660;248;227;123;land;false;plains;1
661;239;145;253;land;false;plains;1
662;92;208;228;land;false;forest;1
663;205;137;229;land;false;forest;1
664;203;193;210;land;false;plains;1
665;136;163;209;land;false;forest;1
666;239;90;223;land;false;plains;1
667;248;252;243;land;false;plains;1
668;206;225;187;land;true;forest;1
669;131;206;240;land;false;desert;1
670;168;172;250;land;false;forest;1
671;251;101;247;land;false;hills;1
672;186;224;205;land;false;plains;1
673;242;95;209;land;false;desert;1
674;189;236;230;land;false;plains;1
675;133;190;222;land;false;forest;1
676;251;169;215;land;true;plains;1
677;240;135;134;land;false;plains;1
678;156;173;253;land;false;plains;1
679;176;146;209;land;true;mountain;1
680;208;79;223;land;false;forest;1
681;234;243;38;land;false;hills;1
682;147;153;249;land;false;plains;1
683;192;90;230;land;false;forest;1
684;83;251;241;land;true;forest;1
685;240;214;49;land;false;plains;1
686;233;134;172;land;false;plains;1
687;209;204;158;land;true;desert;1
688;135;186;208;land;false;plains;1
689;226;71;211;land;true;hills;1
690;211;104;231;land;false;mountain;1
691;77;219;242;land;false;desert;1
692;216;157;236;land;false;hills;1
693;192;217;213;land;false;plains;1
694;242;242;125;land;false;forest;1
695;215;183;188;land;false;plains;1
696;246;137;187;land;false;plains;1
697;177;155;173;land;false;plains;1
698;229;240;182;land;false;plains;1
699;223;249;118;land;false;plains;1
700;241;203;118;land;false;plains;1
701;179;209;172;land;false;plains;1
702;238;117;158;land;false;plains;1
703;211;160;163;land;true;forest;1
704;98;186;253;land;false;forest;1
705;240;169;219;land;false;plains;1
706;202;181;189;land;false;forest;1
707;193;97;251;land;false;forest;1
708;94;209;208;land;true;forest;1
709;125;175;238;land;true;forest;1
710;157;161;207;land;true;forest;1
711;155;193;233;land;false;hills;1
712;209;243;110;land;false;plains;1
713;135;241;212;land;false;plains;1
714;243;131;244;land;false;plains;1
715;182;139;205;land;false;plains;1
716;92;237;207;land;true;plains;1
717;167;149;226;land;false;forest;1
718;193;243;222;land;false;plains;1
719;197;250;236;land;true;hills;1
720;181;184;216;land;true;desert;1
721;247;115;246;land;false;hills;1
722;204;221;236;land;false;plains;1
723;139;161;224;land;false;desert;1
724;248;168;95;land;false;hills;1
725;208;187;153;land;false;plains;1
726;222;226;173;land;false;forest;1
727;225;188;188;land;true;mountain;1
728;222;143;204;land;false;plains;1
729;224;216;177;land;false;desert;1
730;177;156;172;land;false;hills;1
731;202;134;176;land;false;hills;1
732;163;216;156;land;false;forest;1
733;228;187;112;land;false;forest;1
734;220;211;155;land;false;forest;1
735;238;47;241;land;false;plains;1
736;247;138;187;land;false;plains;1
737;224;232;91;land;false;mountain;1
738;116;204;188;land;false;hills;1
739;124;223;164;land;false;forest;1
740;232;103;241;land;false;plains;1
741;210;241;87;land;false;forest;1
742;246;163;178;land;false;plains;1
743;209;235;250;land;false;plains;1
744;141;230;159;land;false;hills;1
745;248;153;127;land;false;forest;1
746;250;187;200;land;false;plains;1
747;203;189;118;land;true;plains;1
748;187;199;117;land;true;hills;1
749;247;241;42;land;false;plains;1
750;141;198;226;land;false;plains;1
751;177;157;203;land;false;plains;1
752;250;239;230;land;false;desert;1
753;251;184;233;land;false;desert;1
754;177;240;114;land;false;forest;1
755;237;199;152;land;false;hills;1
756;221;159;135;land;false;forest;1
757;202;114;226;land;false;forest;1
758;239;248;94;land;false;plains;1
759;214;244;154;land;true;desert;1
760;169;172;199;land;false;plains;1
761;253;164;243;land;false;forest;1
762;59;244;252;land;false;hills;1
763;138;188;227;land;false;forest;1
764;247;175;131;land;false;plains;1
765;233;220;251;land;false;hills;1
766;247;199;58;land;false;forest;1
767;224;191;131;land;false;hills;1
768;235;149;182;land;false;plains;1
769;171;145;238;land;true;hills;1
770;85;249;237;land;false;plains;1
771;62;223;233;land;false;plains;1
772;228;159;223;land;false;hills;1
773;235;245;229;land;false;plains;1
774;15;244;253;land;false;hills;1
775;208;239;85;land;false;forest;1
776;194;164;149;land;false;plains;1
777;247;245;105;land;false;desert;1
778;234;144;175;land;false;plains;1
779;204;204;230;land;false;desert;1
780;126;233;179;land;true;plains;1
781;230;220;102;land;true;hills;1
782;112;227;219;land;false;desert;1
783;184;200;163;land;false;forest;1
784;203;100;212;land;true;forest;1
785;212;245;129;land;false;plains;1
786;212;246;194;land;false;forest;1
787;228;237;164;land;false;plains;1
788;237;219;250;land;false;forest;1
789;248;234;210;land;true;hills;1
790;189;185;136;land;false;forest;1
791;151;222;246;land;false;forest;1
792;146;166;240;land;false;plains;1
793;204;217;202;land;false;desert;1
794;225;234;161;land;true;mountain;1
795;220;221;171;land;false;plains;1
796;182;207;230;land;false;forest;1
797;152;251;125;land;false;plains;1
798;38;247;224;land;true;hills;1
799;246;238;220;land;false;hills;1
800;225;195;188;land;false;hills;1
801;218;207;216;land;false;mountain;1
802;144;240;169;land;false;mountain;1
803;189;245;67;land;true;hills;1
804;200;250;183;land;true;forest;1
805;250;234;218;land;false;hills;1
806;153;219;224;land;false;hills;1
807;152;221;227;land;false;desert;1
808;214;130;212;land;false;plains;1
809;171;216;115;land;true;plains;1
810;228;113;252;land;false;plains;1
811;48;228;253;land;false;plains;1
812;202;194;125;land;false;plains;1
813;206;155;179;land;false;desert;1
814;214;175;219;land;false;desert;1
815;172;165;212;land;false;hills;1
816;225;177;200;land;true;mountain;1
817;254;236;237;land;false;forest;1
818;209;161;178;land;false;plains;1
819;130;141;231;land;false;forest;1
820;231;59;249;land;false;plains;1
821;249;152;187;land;true;plains;1
822;251;94;187;land;false;plains;1
823;163;217;125;land;true;forest;1
824;95;238;244;land;false;plains;1
825;220;253;124;land;false;plains;1
826;244;49;250;land;true;forest;1
827;178;131;222;land;false;plains;1
828;246;241;151;land;false;desert;1
829;196;133;246;land;false;forest;1
830;234;238;141;land;false;plains;1
831;191;240;240;land;false;hills;1
832;121;181;219;land;false;desert;1
833;230;181;122;land;false;plains;1
834;191;168;171;land;true;plains;1
835;239;119;213;land;false;hills;1
836;236;240;91;land;true;mountain;1
837;245;252;185;land;false;desert;1
838;252;238;254;land;false;forest;1
839;185;234;208;land;false;plains;1
840;241;138;124;land;false;desert;1
841;84;242;189;land;false;plains;1
842;250;135;249;land;false;forest;1
843;154;254;251;land;false;forest;1
844;251;212;151;land;false;hills;1
845;114;232;233;land;true;hills;1
846;62;228;230;land;false;plains;1
847;141;159;215;land;true;forest;1
848;83;237;210;land;false;forest;1
849;235;244;182;land;false;hills;1
850;225;195;219;land;false;desert;1
851;227;228;80;land;true;mountain;1
852;228;123;252;land;false;desert;1
853;177;148;206;land;false;plains;1
854;204;158;209;land;false;plains;1
855;190;159;165;land;true;mountain;1
856;211;102;198;land;false;plains;1
857;238;116;251;land;false;hills;1
858;251;240;133;land;false;plains;1
859;240;67;238;land;false;plains;1
860;196;233;74;land;false;plains;1
861;230;186;165;land;false;desert;1
862;225;91;198;land;false;plains;1
863;204;250;248;land;false;plains;1
864;221;106;253;land;false;mountain;1
865;244;181;160;land;false;plains;1
866;245;247;36;land;false;plains;1
867;186;118;254;land;false;plains;1
868;194;109;223;land;false;plains;1
869;238;61;210;land;false;plains;1
870;231;125;220;land;false;plains;1
871;179;180;239;land;false;mountain;1
872;170;134;239;land;false;desert;1
873;209;141;236;land;false;forest;1
874;245;230;167;land;true;plains;1
875;228;110;196;land;false;forest;1
876;180;225;132;land;false;plains;1
877;159;196;195;land;false;forest;1
878;158;250;158;land;true;forest;1
879;225;146;248;land;false;plains;1
880;199;163;217;land;false;mountain;1
881;182;160;207;land;false;mountain;1
882;178;179;216;land;false;desert;1
883;216;172;168;land;false;plains;1
884;159;158;196;land;false;plains;1
885;116;220;207;land;false;mountain;1
886;203;183;154;land;false;forest;1
887;158;198;213;land;false;desert;1
888;253;190;252;land;false;plains;1
889;252;172;169;land;false;forest;1
890;129;171;209;land;false;forest;1
891;247;97;181;land;false;forest;1
892;163;235;122;land;true;plains;1
893;206;246;93;land;false;forest;1
894;139;240;202;land;true;hills;1
895;182;218;232;land;false;plains;1
896;231;245;224;land;false;forest;1
897;192;249;224;land;false;plains;1
898;146;165;206;land;true;forest;1
899;249;212;116;land;false;desert;1
900;91;206;253;land;false;desert;1
901;193;167;171;land;true;hills;1
902;163;146;252;land;false;forest;1
903;111;200;237;land;true;forest;1
904;113;180;220;land;false;forest;1
905;254;135;141;land;true;desert;1
906;251;246;247;land;false;forest;1
907;240;216;114;land;false;forest;1
908;229;151;213;land;true;hills;1
909;161;203;182;land;false;plains;1
910;239;121;223;land;false;forest;1
911;184;230;162;land;true;hills;1
912;246;197;222;land;false;plains;1
913;192;124;239;land;false;mountain;1
914;193;235;195;land;false;plains;1
915;139;254;117;land;false;plains;1
916;238;123;165;land;false;plains;1
917;102;237;217;land;true;forest;1
918;176;229;150;land;false;plains;1
919;217;244;106;land;false;plains;1
920;223;222;185;land;false;mountain;1
921;89;215;203;land;false;forest;1
922;213;227;254;land;false;plains;1
923;234;251;254;land;false;plains;1
924;241;106;235;land;false;plains;1
925;209;107;191;land;false;desert;1
926;247;87;168;land;false;plains;1
927;173;246;242;land;false;plains;1
928;240;231;221;land;false;forest;1
929;211;189;157;land;false;plains;1
930;237;210;76;land;false;forest;1
931;51;233;248;land;false;forest;1
932;192;207;227;land;false;forest;1
933;182;159;239;land;true;mountain;1
934;215;117;201;land;false;forest;1
935;237;41;224;land;false;forest;1
936;185;185;175;land;false;plains;1
937;131;158;238;land;false;desert;1
938;132;232;224;land;false;plains;1
939;188;252;88;land;true;mountain;1
940;138;153;246;land;false;plains;1
941;206;173;244;land;false;plains;1
942;135;249;214;land;false;hills;1
943;226;146;223;land;true;hills;1
944;97;233;184;land;true;plains;1
945;240;98;187;land;false;plains;1
946;207;242;239;land;false;forest;1
947;227;101;210;land;false;plains;1
948;228;222;162;land;false;hills;1
949;178;208;122;land;false;plains;1
950;242;233;206;land;false;desert;1
951;206;239;65;land;true;hills;1
952;239;116;214;land;false;mountain;1
953;142;219;189;land;false;plains;1
954;212;174;163;land;false;forest;1
955;113;229;171;land;false;plains;1
956;166;241;108;land;false;hills;1
957;234;181;212;land;false;forest;1
958;165;206;204;land;false;plains;1
959;198;109;202;land;false;plains;1
960;161;246;144;land;false;forest;1
961;213;179;112;land;true;plains;1
962;242;87;252;land;false;plains;1
963;166;177;204;land;false;hills;1
964;208;146;224;land;false;plains;1
965;243;206;76;land;false;plains;1
966;123;242;164;land;true;plains;1
967;250;213;202;land;false;plains;1
968;166;174;220;land;false;plains;1
969;222;73;236;land;false;forest;1
970;161;167;198;land;false;plains;1
971;186;229;96;land;false;hills;1
972;201;75;244;land;false;plains;1
973;81;200;245;land;false;plains;1
974;213;94;197;land;false;plains;1
975;205;132;171;land;false;forest;1
976;230;203;114;land;false;plains;1
977;160;172;212;land;false;plains;1
978;202;216;232;land;false;plains;1
979;252;82;254;land;false;plains;1
980;246;127;197;land;false;plains;1
981;197;203;195;land;false;mountain;1
982;154;253;224;land;false;hills;1
983;195;147;212;land;false;plains;1
984;242;186;171;land;false;hills;1
985;188;188;251;land;false;plains;1
986;168;197;228;land;false;forest;1
987;194;241;207;land;false;forest;1
988;99;217;200;land;false;desert;1
989;170;232;179;land;false;hills;1
990;177;136;225;land;false;plains;1
991;168;246;242;land;false;desert;1
992;197;244;205;land;false;plains;1
993;234;225;51;land;false;plains;1
994;227;193;125;land;false;desert;1
995;249;221;199;land;true;forest;1
996;159;134;238;land;false;desert;1
997;201;150;227;land;false;mountain;1
998;169;229;220;land;false;plains;1
999;180;157;203;land;false;hills;1
1000;216;49;247;land;true;plains;1
1001;242;85;180;land;false;plains;1
1002;253;133;226;land;false;plains;1
1003;173;185;221;land;true;forest;1
1004;231;247;182;land;false;desert;1
1005;33;238;239;land;false;forest;1
1006;239;90;227;land;false;mountain;1
1007;223;94;227;land;false;hills;1
1008;220;215;97;land;false;desert;1
1009;99;247;250;land;false;forest;1
1010;66;247;236;land;false;forest;1
1011;169;221;157;land;false;hills;1
1012;241;105;234;land;false;plains;1
1013;147;158;226;land;false;plains;1
1014;36;240;238;land;false;desert;1
1015;173;202;223;land;true;forest;1
1016;226;154;122;land;false;plains;1
1017;166;186;250;land;false;plains;1
1018;194;69;253;land;true;forest;1
1019;154;249;107;land;true;plains;1
1020;160;252;145;land;false;plains;1
1021;184;238;195;land;false;desert;1
1022;235;69;237;land;false;desert;1
1023;249;187;114;land;false;plains;1
1024;98;228;212;land;false;plains;1
1025;113;222;214;land;false;plains;1
1026;227;123;174;land;false;mountain;1
1027;197;253;229;land;false;plains;1
1028;224;196;108;land;false;hills;1
1029;114;253;230;land;true;plains;1
1030;239;207;159;land;false;forest;1
1031;175;130;250;land;false;mountain;1
1032;73;249;216;land;false;forest;1
1033;181;155;189;land;false;forest;1
1034;168;248;85;land;false;forest;1
1035;218;66;251;land;false;forest;1
1036;213;113;241;land;false;desert;1
1037;238;139;151;land;false;plains;1
1038;213;209;218;land;false;plains;1
1039;191;128;221;land;true;forest;1
1040;232;183;131;land;true;forest;1
1041;165;96;240;land;false;hills;1
1042;93;165;246;land;false;plains;1
1043;118;226;208;land;false;forest;1
1044;208;230;238;land;false;hills;1
1045;147;223;254;land;false;plains;1
1046;151;242;149;land;false;plains;1
1047;170;150;248;land;false;plains;1
1048;238;238;30;land;false;plains;1
1049;180;254;159;land;false;plains;1
1050;159;253;202;land;true;hills;1
1051;94;197;245;land;true;plains;1
1052;248;245;182;land;true;forest;1
1053;244;118;200;land;true;plains;1
1054;88;212;226;land;false;forest;1
1055;219;233;199;land;false;forest;1
1056;155;210;228;land;false;plains;1
1057;198;181;177;land;false;desert;1
1058;223;224;252;land;false;plains;1
1059;230;246;45;land;false;plains;1
1060;253;204;135;land;false;plains;1
1061;218;214;217;land;false;plains;1
1062;26;236;239;land;false;plains;1
1063;124;254;240;land;false;plains;1
1064;115;252;224;land;false;plains;1
1065;16;252;252;land;true;mountain;1
1066;244;235;189;land;false;hills;1
1067;201;186;254;land;false;plains;1
1068;251;231;127;land;true;forest;1
1069;231;173;176;land;true;plains;1
1070;151;244;201;land;false;desert;1
1071;72;246;222;land;false;plains;1
1072;229;164;148;land;false;forest;1
1073;175;231;202;land;true;plains;1
1074;163;244;156;land;true;plains;1
1075;167;210;250;land;false;mountain;1
1076;65;212;246;land;false;forest;1
1077;224;210;181;land;false;forest;1
1078;225;171;163;land;false;desert;1
1079;120;196;206;land;false;forest;1
1080;228;135;174;land;false;desert;1
1081;162;231;165;land;false;plains;1
1082;158;212;225;land;false;desert;1
1083;244;248;236;land;true;plains;1
1084;251;153;227;land;false;plains;1
1085;177;177;219;land;true;desert;1
1086;134;194;214;land;false;desert;1
1087;234;144;232;land;false;hills;1
1088;233;226;234;land;false;desert;1
1089;179;224;241;land;false;desert;1
1090;246;253;127;land;false;mountain;1
1091;198;137;226;land;false;plains;1
1092;135;164;223;land;true;plains;1
1093;194;148;232;land;false;forest;1
1094;97;211;251;land;true;plains;1
1095;235;200;150;land;false;desert;1
1096;47;243;250;land;true;plains;1
1097;69;251;202;land;false;plains;1
1098;229;216;213;land;true;forest;1
1099;110;173;222;land;true;plains;1
1100;111;247;210;land;true;forest;1
1101;182;189;205;land;false;forest;1
1102;249;201;235;land;true;forest;1
1103;137;236;253;land;false;hills;1
1104;228;146;229;land;false;plains;1
1105;129;240;197;land;false;desert;1
1106;153;161;200;land;false;desert;1
1107;224;209;242;land;false;plains;1
1108;147;250;132;land;false;hills;1
1109;235;245;157;land;false;forest;1
1110;249;172;178;land;true;forest;1
1111;168;140;246;land;false;plains;1
1112;177;223;191;land;false;hills;1
1113;184;246;87;land;false;plains;1
1114;193;127;186;land;false;hills;1
1115;197;153;227;land;true;hills;1
1116;189;177;160;land;false;hills;1
1117;228;239;92;land;false;forest;1
1118;226;214;81;land;false;desert;1
1119;253;159;242;land;false;plains;1
1120;149;124;251;land;true;plains;1
1121;184;121;232;land;false;plains;1
1122;136;187;228;land;false;mountain;1
1123;186;130;188;land;false;desert;1
1124;213;240;127;land;false;plains;1
1125;175;250;187;land;false;forest;1
1126;92;253;224;land;true;plains;1
1127;209;92;234;land;false;plains;1
1128;177;213;220;land;false;forest;1
1129;213;136;198;land;true;plains;1
1130;109;217;206;land;false;plains;1
1131;191;235;216;land;true;plains;1
1132;221;191;173;land;false;plains;1
1133;190;88;253;land;false;plains;1
1134;112;245;185;land;false;plains;1
1135;209;190;151;land;false;forest;1
1136;166;194;183;land;false;plains;1
1137;244;250;131;land;false;plains;1
1138;182;213;186;land;false;forest;1
1139;247;27;237;land;true;plains;1
1140;208;130;251;land;false;plains;1
1141;212;254;227;land;false;plains;1
1142;194;251;61;land;false;desert;1
1143;253;205;107;land;false;plains;1
1144;230;248;191;land;false;forest;1
1145;203;176;210;land;false;hills;1
1146;243;165;142;land;false;plains;1
1147;247;234;174;land;false;forest;1
1148;175;210;235;land;false;plains;1
1149;218;105;196;land;false;plains;1
1150;169;170;239;land;false;forest;1
1151;169;213;204;land;false;desert;1
1152;169;203;213;land;false;plains;1
1153;236;216;232;land;false;plains;1
1154;196;243;136;land;true;hills;1
1155;205;162;204;land;true;desert;1
1156;204;234;138;land;false;forest;1
1157;186;148;215;land;false;forest;1
1158;174;165;230;land;false;desert;1
1159;223;71;233;land;false;plains;1
1160;225;245;60;land;true;forest;1
1161;209;101;239;land;false;plains;1
1162;189;218;236;land;false;plains;1
1163;253;116;236;land;true;mountain;1
1164;140;187;219;land;false;plains;1
1165;246;175;104;land;true;hills;1
1166;213;254;141;land;true;mountain;1
1167;158;239;134;land;true;hills;1
1168;220;200;133;land;false;forest;1
1169;185;189;196;land;false;forest;1
1170;176;236;144;land;true;forest;1
1171;224;241;69;land;true;plains;1
1172;244;87;176;land;false;plains;1
1173;156;251;219;land;false;plains;1
1174;221;251;157;land;false;forest;1
1175;248;239;84;land;false;plains;1
1176;229;181;155;land;true;hills;1
1177;194;161;242;land;false;forest;1
1178;196;189;186;land;true;forest;1
1179;244;239;136;land;false;plains;1
1180;217;149;212;land;true;forest;1
1181;205;186;138;land;false;plains;1
1182;217;148;188;land;false;hills;1
1183;157;151;220;land;false;plains;1
1184;218;235;56;land;false;plains;1
1185;166;244;215;land;true;forest;1
1186;185;101;219;land;false;plains;1
1187;152;179;253;land;true;plains;1
1188;28;248;231;land;false;hills;1
1189;215;104;216;land;false;forest;1
1190;207;84;215;land;true;plains;1
1191;123;177;236;land;true;hills;1
1192;222;138;191;land;false;plains;1
1193;194;144;252;land;false;plains;1
1194;237;133;240;land;false;hills;1
1195;130;224;211;land;false;forest;1
1196;206;154;175;land;true;forest;1
1197;253;93;178;land;true;plains;1
1198;219;224;164;land;false;mountain;1
1199;202;210;110;land;false;plains;1
1200;195;120;219;land;false;forest;1
1201;228;178;183;land;false;hills;1
1202;86;243;204;land;false;forest;1
1203;235;193;143;land;true;plains;1
1204;146;225;140;land;false;plains;1
1205;140;149;217;land;true;plains;1
1206;184;184;188;land;true;forest;1
1207;248;232;253;land;false;forest;1
1208;232;225;113;land;false;plains;1
1209;150;223;206;land;false;plains;1
1210;171;145;195;land;true;hills;1
1211;231;222;241;land;false;plains;1
1212;163;116;251;land;false;plains;1
1213;188;115;203;land;true;forest;1
1214;159;187;199;land;false;plains;1
1215;248;237;195;land;false;forest;1
1216;69;248;188;land;false;forest;1
1217;247;96;204;land;false;plains;1
1218;179;203;167;land;false;hills;1
1219;165;253;98;land;true;forest;1
1220;189;166;220;land;false;forest;1
1221;146;232;210;land;false;forest;1
1222;181;236;129;land;true;mountain;1
1223;229;222;191;land;false;desert;1
1224;253;180;179;land;false;plains;1
1225;224;236;254;land;false;forest;1
1226;243;229;213;land;false;hills;1
1227;241;156;251;land;false;forest;1
1228;254;197;114;land;false;plains;1
1229;208;241;183;land;false;plains;1
1230;135;194;202;land;false;plains;1
1231;151;194;159;land;false;mountain;1
1232;238;242;162;land;true;forest;1
1233;243;243;56;land;true;forest;1
1234;199;233;114;land;false;plains;1
1235;185;175;249;land;false;forest;1
1236;88;250;170;land;false;plains;1
1237;207;191;140;land;true;mountain;1
1238;244;42;248;land;false;hills;1
1239;249;154;188;land;false;desert;1
1240;241;203;186;land;false;plains;1
1241;148;205;175;land;true;hills;1
1242;197;126;199;land;false;hills;1
1243;247;229;137;land;false;forest;1
1244;155;175;210;land;false;plains;1
1245;183;161;163;land;false;desert;1
1246;250;142;185;land;false;plains;1
1247;235;200;166;land;false;plains;1
1248;241;134;157;land;true;hills;1
1249;200;253;158;land;false;mountain;1
1250;223;182;244;land;true;forest;1
1251;242;191;106;land;true;hills;1
1252;214;229;118;land;false;forest;1
1253;195;183;137;land;false;plains;1
1254;150;249;213;land;false;forest;1
1255;103;232;231;land;false;plains;1
1256;216;130;166;land;true;hills;1
1257;247;246;52;land;false;forest;1
1258;155;205;161;land;false;plains;1
1259;206;172;216;land;false;plains;1
1260;195;205;105;land;false;plains;1
1261;177;166;199;land;false;hills;1
1262;252;102;178;land;false;plains;1
1263;223;220;125;land;false;plains;1
1264;242;122;137;land;false;mountain;1
1265;142;236;154;land;false;plains;1
1266;233;193;178;land;false;hills;1
1267;173;241;119;land;true;forest;1
1268;174;134;251;land;false;plains;1
1269;145;155;240;land;false;desert;1
1270;213;249;188;land;false;plains;1
1271;212;77;230;land;false;plains;1
1272;218;228;103;land;true;plains;1
1273;178;195;180;land;false;mountain;1
1274;238;102;218;land;true;forest;1
1275;239;243;84;land;false;desert;1
1276;161;226;163;land;false;forest;1
1277;179;210;117;land;false;forest;1
1278;145;230;252;land;true;forest;1
1279;251;222;161;land;false;mountain;1
1280;189;68;246;land;false;plains;1
1281;235;141;196;land;false;plains;1
1282;29;227;248;land;false;hills;1
1283;180;165;183;land;false;desert;1
1284;180;219;218;land;false;desert;1
1285;241;213;125;land;false;forest;1
1286;184;244;185;land;false;plains;1
1287;177;250;213;land;true;hills;1
1288;158;103;252;land;true;forest;1
1289;242;225;43;land;false;plains;1
1290;195;217;214;land;false;desert;1
1291;253;140;117;land;false;desert;1
1292;97;230;180;land;false;mountain;1
1293;183;219;134;land;false;hills;1
1294;144;232;222;land;true;plains;1
1295;165;230;126;land;false;hills;1
1296;201;105;218;land;true;forest;1
1297;214;146;198;land;false;hills;1
1298;175;233;157;land;false;hills;1
1299;65;204;241;land;false;forest;1
1300;171;152;230;land;false;plains;1
1301;84;218;204;land;false;forest;1
1302;111;248;208;land;true;plains;1
1303;239;248;200;land;true;plains;1
1304;95;243;169;land;false;hills;1
1305;244;241;134;land;false;plains;1
1306;238;143;152;land;false;desert;1
1307;164;175;216;land;false;plains;1
1308;197;81;226;land;false;desert;1
1309;237;226;151;land;false;mountain;1
1310;153;121;232;land;false;hills;1
1311;190;209;172;land;false;hills;1
1312;218;212;214;land;false;plains;1
1313;191;179;132;land;false;forest;1
1314;214;95;243;land;false;plains;1
1315;211;150;156;land;true;plains;1
1316;224;244;72;land;false;plains;1
1317;159;225;135;land;false;hills;1
1318;190;192;253;land;false;forest;1
1319;189;238;82;land;false;plains;1
1320;171;217;195;land;true;forest;1
1321;105;246;153;land;true;forest;1
1322;182;122;212;land;false;hills;1
1323;142;245;230;land;true;plains;1
1324;210;136;252;land;true;plains;1
1325;195;180;211;land;false;plains;1
1326;196;161;249;land;false;plains;1
1327;208;199;186;land;false;mountain;1
1328;224;226;236;land;false;forest;1
1329;159;252;109;land;true;plains;1
1330;237;214;113;land;false;plains;1
1331;239;158;190;land;false;plains;1
1332;159;164;179;land;false;plains;1
1333;252;104;153;land;true;hills;1
1334;233;101;196;land;true;hills;1
1335;242;208;119;land;false;forest;1
1336;192;126;235;land;false;plains;1
1337;194;151;229;land;false;plains;1
1338;119;243;193;land;false;plains;1
1339;182;224;250;land;false;plains;1
1340;220;189;104;land;false;forest;1
1341;196;221;229;land;false;mountain;1
1342;244;249;171;land;true;forest;1
1343;190;95;234;land;false;forest;1
1344;243;35;239;land;false;forest;1
1345;231;248;60;land;true;forest;1
1346;218;191;153;land;true;forest;1
1347;243;103;184;land;true;plains;1
1348;151;189;198;land;false;forest;1
1349;121;249;223;land;false;mountain;1
1350;233;71;204;land;false;forest;1
1351;190;196;237;land;true;forest;1
1352;209;246;89;land;false;forest;1
1353;192;118;246;land;false;forest;1
1354;249;213;130;land;true;forest;1
1355;146;249;162;land;false;forest;1
1356;228;94;243;land;true;forest;1
1357;207;213;98;land;false;forest;1
1358;207;172;208;land;false;forest;1
1359;251;155;111;land;true;forest;1
1360;227;156;163;land;true;forest;1
1361;232;237;216;land;false;mountain;1
1362;212;162;151;land;false;plains;1
1363;158;250;110;land;false;forest;1
1364;186;172;172;land;false;plains;1
1365;190;180;187;land;false;forest;1
1366;194;254;157;land;false;hills;1
1367;187;138;237;land;false;forest;1
1368;254;192;160;land;false;forest;1
1369;22;231;248;land;false;plains;1
1370;245;214;57;land;false;forest;1
1371;235;164;199;land;false;plains;1
1372;140;243;238;land;false;hills;1
1373;192;204;135;land;true;forest;1
1374;166;185;170;land;true;forest;1
1375;158;102;241;land;false;forest;1
1376;251;135;137;land;true;forest;1
1377;245;155;128;land;false;forest;1
1378;244;216;58;land;false;plains;1
1379;126;250;237;land;true;mountain;1
1380;205;242;68;land;false;forest;1
1381;200;177;168;land;false;plains;1
1382;204;225;117;land;false;desert;1
1383;202;202;229;land;false;forest;1
1384;237;238;166;land;false;plains;1
1385;230;158;243;land;true;forest;1
1386;215;200;94;land;false;plains;1
1387;153;199;178;land;false;hills;1
1388;24;237;242;land;false;forest;1
1389;212;209;154;land;false;plains;1
1390;230;212;117;land;false;plains;1
1391;168;249;131;land;false;plains;1
1392;161;169;211;land;false;forest;1
1393;238;97;192;land;true;plains;1
1394;178;221;254;land;false;hills;1
1395;192;181;129;land;true;mountain;1
1396;220;44;238;land;false;plains;1
1397;171;236;111;land;false;mountain;1
1398;175;247;184;land;false;plains;1
1399;202;165;185;land;false;forest;1
1400;25;241;250;land;true;forest;1
1401;246;108;176;land;false;plains;1
1402;220;195;114;land;false;plains;1
1403;98;227;215;land;false;forest;1
1404;170;208;129;land;false;forest;1
1405;224;151;204;land;false;hills;1
1406;127;220;232;land;false;plains;1
1407;223;244;201;land;false;forest;1
1408;212;223;100;land;true;forest;1
1409;177;245;88;land;true;forest;1
1410;173;96;242;land;false;hills;1
1411;182;175;202;land;true;plains;1
1412;226;236;163;land;false;plains;1
1413;183;211;224;land;false;plains;1
1414;223;171;180;land;false;desert;1
1415;206;171;251;land;false;desert;1
1416;185;157;168;land;false;desert;1
1417;79;253;242;land;false;plains;1
1418;243;184;102;land;false;desert;1
1419;139;237;151;land;false;plains;1
1420;169;128;222;land;false;desert;1
1421;126;246;254;land;false;plains;1
1422;240;194;149;land;false;desert;1
1423;252;239;205;land;false;hills;1
1424;205;218;88;land;false;desert;1
1425;150;160;203;land;false;forest;1
1426;184;147;253;land;false;plains;1
1427;44;237;233;land;false;desert;1
1428;254;247;73;land;false;plains;1
1429;177;159;166;land;true;hills;1
1430;179;136;234;land;false;plains;1
1431;182;152;180;land;false;hills;1
1432;194;175;184;land;true;plains;1
1433;174;170;220;land;false;forest;1
1434;246;188;247;land;false;plains;1
1435;97;243;188;land;false;plains;1
1436;116;236;190;land;false;plains;1
1437;104;247;151;land;false;plains;1
1438;81;211;227;land;false;plains;1
1439;247;85;192;land;false;hills;1
1440;236;189;86;land;false;plains;1
1441;191;176;194;land;false;plains;1
1442;145;254;180;land;false;plains;1
1443;219;151;165;land;false;plains;1
1444;197;165;161;land;false;mountain;1
1445;187;142;184;land;false;plains;1
1446;235;182;249;land;false;desert;1
1447;156;215;238;land;false;plains;1
1448;243;105;197;land;false;desert;1
1449;120;220;236;land;false;plains;1
1450;195;165;156;land;false;plains;1
1451;138;243;159;land;false;hills;1
1452;219;65;219;land;false;hills;1
1453;169;210;245;land;false;plains;1
1454;163;199;221;land;false;plains;1
1455;208;219;211;land;false;plains;1
1456;223;206;192;land;false;desert;1
1457;240;127;251;land;false;forest;1
1458;190;245;167;land;false;forest;1
1459;224;195;97;land;false;hills;1
1460;120;207;243;land;true;desert;1
1461;241;247;91;land;false;plains;1
1462;250;114;195;land;false;hills;1
1463;64;244;207;land;false;plains;1
1464;183;193;221;land;false;hills;1
1465;158;135;243;land;false;plains;1
1466;194;145;170;land;false;plains;1
1467;151;203;182;land;false;mountain;1
1468;207;228;194;land;false;hills;1
1469;245;98;223;land;false;plains;1
1470;162;163;217;land;false;plains;1
1471;174;152;205;land;false;plains;1
1472;236;194;160;land;true;forest;1
1473;217;206;132;land;true;forest;1
1474;245;208;218;land;false;plains;1
1475;158;235;189;land;false;plains;1
1476;227;198;116;land;false;plains;1
1477;160;252;90;land;false;forest;1
1478;212;117;200;land;false;plains;1
1479;97;190;236;land;false;plains;1
1480;95;202;253;land;false;plains;1
1481;230;191;226;land;false;plains;1
1482;93;206;228;land;false;hills;1
1483;234;225;134;land;false;desert;1
1484;133;240;129;land;false;forest;1
1485;232;137;159;land;false;plains;1
1486;247;239;153;land;false;forest;1
1487;215;253;63;land;false;plains;1
1488;127;199;214;land;true;desert;1
1489;238;161;111;land;false;plains;1
1490;216;234;84;land;false;plains;1
1491;153;148;232;land;false;mountain;1
1492;236;248;86;land;false;plains;1
1493;104;162;235;land;false;hills;1
1494;109;226;215;land;false;desert;1
1495;165;233;195;land;false;hills;1
1496;174;230;142;land;false;forest;1
1497;238;254;33;land;false;hills;1
1498;40;247;247;land;false;plains;1
1499;244;229;116;land;false;desert;1
1500;210;114;222;land;false;forest;1
1501;153;128;237;land;false;desert;1
1502;232;107;204;land;false;hills;1
1503;180;207;213;land;false;plains;1
1504;59;232;215;land;false;plains;1
1505;232;184;185;land;false;plains;1
1506;209;192;186;land;false;desert;1
1507;250;36;246;land;false;plains;1
1508;187;254;107;land;false;plains;1
1509;159;178;196;land;false;desert;1
1510;160;250;181;land;false;desert;1
1511;190;178;159;land;false;plains;1
1512;173;181;194;land;true;forest;1
1513;179;136;253;land;false;desert;1
1514;148;212;236;land;false;plains;1
1515;224;91;196;land;false;desert;1
1516;246;91;232;land;false;plains;1
1517;203;239;127;land;true;forest;1
1518;93;243;247;land;false;desert;1
1519;212;149;232;land;false;plains;1
1520;234;164;163;land;false;desert;1
1521;252;23;254;land;true;plains;1
1522;231;218;224;land;false;desert;1
1523;238;55;251;land;false;plains;1
1524;199;166;218;land;true;forest;1
1525;246;179;181;land;true;forest;1
1526;127;248;241;land;true;hills;1
1527;230;69;212;land;false;hills;1
1528;169;241;94;land;false;hills;1
1529;203;177;236;land;false;forest;1
1530;157;194;231;land;true;hills;1
1531;190;159;215;land;false;hills;1
1532;121;250;145;land;true;forest;1
1533;159;166;212;land;false;forest;1
1534;110;218;205;land;false;desert;1
1535;234;83;198;land;false;hills;1
1536;247;169;118;land;false;desert;1
1537;198;211;150;land;true;forest;1
1538;232;127;185;land;true;desert;1
1539;213;172;183;land;false;mountain;1
1540;174;128;213;land;true;desert;1
1541;91;188;238;land;false;desert;1
1542;246;152;170;land;false;desert;1
1543;234;168;212;land;true;hills;1
1544;66;250;234;land;true;desert;1
1545;179;212;177;land;true;forest;1
1546;221;187;179;land;true;forest;1
1547;196;201;117;land;false;plains;1
1548;122;235;203;land;true;forest;1
1549;246;56;237;land;true;forest;1
1550;254;196;58;land;true;forest;1
1551;208;252;103;land;true;hills;1
1552;231;148;232;land;true;forest;1
1553;236;159;133;land;true;forest;1
1554;239;219;134;land;true;forest;1
1555;177;224;150;land;true;forest;1
1556;178;253;99;land;false;marsh;1
1557;207;227;96;land;true;plains;1
1558;203;233;126;land;true;plains;1
1559;214;157;190;land;true;plains;1
1560;197;246;237;land;true;plains;1
1561;138;223;207;land;true;plains;1
1562;147;133;226;land;true;forest;1
1563;156;199;206;land;true;forest;1
1564;129;194;239;land;true;forest;1
1565;90;214;239;land;true;forest;1
1566;123;246;234;land;true;forest;1
1567;129;209;174;land;true;desert;1
1568;237;105;181;land;true;hills;1
1569;165;233;233;land;true;desert;1
1570;223;177;143;land;true;forest;1
1571;238;235;132;land;true;forest;1
1572;217;250;233;land;true;hills;1
1573;183;181;233;land;true;hills;1
1574;178;245;163;land;true;mountain;1
1575;224;231;73;land;true;hills;1
1576;31;41;0;sea;false;ocean;0
1577;21;0;37;sea;false;ocean;0
1578;1;12;8;sea;true;ocean;0
1579;39;3;35;sea;true;ocean;0
1580;14;59;0;sea;false;ocean;0
1581;58;32;2;sea;false;ocean;0
1582;28;1;9;sea;false;ocean;0
1583;0;13;9;sea;false;ocean;0
1584;4;25;52;sea;true;ocean;0
1585;11;53;8;sea;false;ocean;0
1586;5;45;29;sea;true;ocean;0
1587;9;28;21;sea;false;ocean;0
1588;33;44;9;sea;false;ocean;0
1589;4;59;6;sea;true;ocean;0
1590;25;13;44;sea;true;ocean;0
1591;11;79;7;sea;false;ocean;0
1592;27;24;41;sea;true;ocean;0
1593;15;9;75;sea;false;ocean;0
1594;7;68;21;sea;true;ocean;0
1595;28;17;3;sea;false;ocean;0
1596;4;12;12;sea;true;ocean;0
1597;46;16;27;sea;true;ocean;0
1598;50;34;9;sea;false;ocean;0
1599;40;2;8;sea;true;ocean;0
1600;6;67;15;sea;true;ocean;0
1601;19;3;72;sea;false;ocean;0
1602;48;29;19;sea;false;ocean;0
1603;4;8;84;sea;true;ocean;0
1604;1;81;2;sea;false;ocean;0
1605;14;23;7;sea;false;ocean;0
1606;57;18;0;sea;false;ocean;0
1607;12;6;39;sea;true;ocean;0
1608;64;7;19;sea;false;ocean;0
1609;9;12;18;sea;true;ocean;0
1610;0;30;37;sea;false;ocean;0
1611;3;41;55;sea;false;ocean;0
1612;19;32;41;sea;false;ocean;0
1613;8;39;43;sea;false;ocean;0
1614;2;1;94;sea;true;ocean;0
1615;13;7;57;sea;true;ocean;0
1616;10;9;15;sea;false;ocean;0
1617;14;7;28;sea;true;ocean;0
1618;32;11;38;sea;false;ocean;0
1619;12;52;33;sea;false;ocean;0
1620;11;5;63;sea;true;ocean;0
1621;71;6;18;sea;true;ocean;0
1622;7;38;19;sea;true;ocean;0
1623;4;43;49;sea;true;ocean;0
1624;40;26;6;sea;true;ocean;0
1625;38;10;4;sea;true;ocean;0
1626;11;17;7;sea;false;ocean;0
1627;28;1;68;sea;false;ocean;0
1628;14;6;43;sea;false;ocean;0
1629;41;41;14;sea;false;ocean;0
1630;6;49;3;sea;true;ocean;0
1631;2;32;56;sea;true;ocean;0
1632;12;0;11;sea;false;ocean;0
1633;7;27;14;sea;false;ocean;0
1634;20;35;44;sea;false;ocean;0
1635;32;26;15;sea;true;ocean;0
1636;37;18;13;sea;false;ocean;0
1637;40;6;48;sea;true;ocean;0
1638;29;8;24;sea;true;ocean;0
1639;39;5;7;sea;true;ocean;0
1640;10;27;43;sea;false;ocean;0
1641;1;8;55;sea;false;ocean;0
1642;21;26;0;sea;true;ocean;0
1643;72;4;23;sea;true;ocean;0
1644;8;28;38;sea;true;ocean;0
1645;1;14;42;sea;true;ocean;0
1646;12;37;49;sea;false;ocean;0
1647;25;5;17;sea;true;ocean;0
1648;8;20;26;sea;true;ocean;0
1649;2;35;37;sea;true;ocean;0
1650;17;7;23;sea;true;ocean;0
1651;6;62;12;sea;true;ocean;0
1652;15;13;23;sea;true;ocean;0
1653;35;46;18;sea;false;ocean;0
1654;13;54;3;sea;true;ocean;0
1655;6;90;1;sea;false;ocean;0
1656;8;24;46;sea;true;ocean;0
1657;8;39;6;sea;false;ocean;0
1658;56;13;12;sea;true;ocean;0
1659;39;20;25;sea;true;ocean;0
1660;21;3;30;sea;true;ocean;0
1661;38;40;1;sea;true;ocean;0
1662;25;19;19;sea;true;ocean;0
1663;7;77;8;sea;true;ocean;0
1664;6;46;46;sea;true;ocean;0
1665;26;11;44;sea;false;ocean;0
1666;12;44;7;sea;false;ocean;0
1667;44;2;8;sea;true;ocean;0
1668;36;34;1;sea;true;ocean;0
1669;4;67;2;sea;true;ocean;0
1670;7;7;18;sea;true;ocean;0
1671;7;14;27;sea;true;ocean;0
1672;30;8;46;sea;true;ocean;0
1673;6;29;48;sea;true;ocean;0
1674;35;24;11;sea;false;ocean;0
1675;18;28;1;sea;true;ocean;0
1676;3;25;29;sea;true;ocean;0
1677;33;40;26;sea;true;ocean;0
1678;47;37;1;sea;true;ocean;0
1679;3;42;0;sea;true;ocean;0
1680;4;35;53;sea;true;ocean;0
1681;15;33;0;sea;true;ocean;0
1682;6;28;44;sea;true;ocean;0
1683;19;59;14;sea;true;ocean;0
1684;12;24;32;sea;true;ocean;0
1685;44;32;7;sea;true;ocean;0
1686;18;47;27;sea;true;ocean;0
1687;9;4;12;sea;false;ocean;0
1688;2;12;74;sea;true;ocean;0
1689;2;52;27;sea;true;ocean;0
1690;7;56;30;sea;true;ocean;0
1691;43;16;8;sea;false;ocean;0
1692;10;33;37;sea;true;ocean;0
1693;23;18;6;sea;false;ocean;0
1694;11;43;24;sea;true;ocean;0
1695;3;44;1;sea;true;ocean;0
1696;60;12;2;sea;false;ocean;0
1697;6;7;34;sea;true;ocean;0
1698;15;38;19;sea;true;ocean;0
1699;32;30;0;sea;true;ocean;0
1700;8;10;49;sea;true;ocean;0
1701;33;44;7;sea;true;ocean;0
1702;16;47;5;sea;false;ocean;0
1703;6;10;78;sea;true;ocean;0
1704;36;6;9;sea;false;ocean;0
1705;20;19;19;sea;true;ocean;0
1706;76;14;7;sea;true;ocean;0
1707;26;40;27;sea;true;ocean;0
1708;13;48;3;sea;true;ocean;0
1709;23;24;41;sea;true;ocean;0
1710;44;18;21;sea;true;ocean;0
1711;21;33;17;sea;true;ocean;0
1712;14;57;28;sea;true;ocean;0
1713;1;8;16;sea;true;ocean;0
1714;51;10;24;sea;false;ocean;0
1715;66;28;1;sea;true;ocean;0
1716;41;9;31;sea;true;ocean;0
1717;4;77;6;sea;true;ocean;0
1718;73;8;12;sea;true;ocean;0
1719;11;19;46;sea;true;ocean;0
1720;1;40;47;sea;true;ocean;0
1721;12;33;5;sea;true;ocean;0
1722;3;50;0;sea;true;ocean;0
1723;9;1;48;sea;true;ocean;0
1724;22;20;55;sea;true;ocean;0
1725;6;40;2;sea;true;ocean;0
1726;18;63;8;sea;true;ocean;0
1727;0;141;6;lake;false;lakes;0
1728;76;26;8;lake;false;lakes;0
1729;80;26;32;lake;false;lakes;0
1730;22;41;57;lake;false;lakes;0
1731;62;33;42;lake;false;lakes;0
1732;73;23;15;lake;false;lakes;0
1733;31;82;22;lake;false;lakes;0
1734;9;122;1;lake;false;lakes;0
1735;15;25;86;lake;false;lakes;0
1736;23;87;38;lake;false;lakes;0
1737;82;35;6;lake;false;lakes;0
1738;43;32;49;lake;false;lakes;0
1739;75;5;54;lake;false;lakes;0
1740;23;75;35;lake;false;lakes;0
1741;19;37;49;lake;false;lakes;0
1742;77;12;39;lake;false;lakes;0
1743;6;3;135;lake;false;lakes;0
1744;54;52;32;lake;false;lakes;0
1745;49;55;39;lake;false;lakes;0
1746;5;83;37;lake;false;lakes;0
1747;4;14;123;lake;false;lakes;0
1748;62;69;4;lake;false;lakes;0
1749;24;17;70;lake;false;lakes;0
1750;38;48;58;lake;false;lakes;0
1751;67;14;27;lake;false;lakes;0
1752;46;53;28;lake;false;lakes;0
1753;55;16;62;lake;false;lakes;0
1754;86;0;43;lake;false;lakes;0
1755;65;16;66;lake;false;lakes;0
1756;1;7;115;lake;false;lakes;0
1757;7;109;9;lake;false;lakes;0
1758;18;5;108;lake;false;lakes;0
1759;48;15;63;lake;false;lakes;0
1760;16;43;44;lake;false;lakes;0
1761;80;10;12;lake;false;lakes;0
1762;63;27;47;lake;false;lakes;0
1763;109;11;15;lake;false;lakes;0
1764;33;52;60;lake;false;lakes;0
1765;75;48;0;lake;false;lakes;0
1766;91;5;20;lake;false;lakes;0
1767;55;36;51;lake;false;lakes;0
1768;44;10;56;lake;false;lakes;0
1769;32;47;34;lake;false;lakes;0
1770;2;51;83;lake;false;lakes;0
1771;31;28;49;lake;false;lakes;0
1772;4;28;92;lake;false;lakes;0
1773;20;35;70;lake;false;lakes;0
1774;3;44;55;lake;false;lakes;0
1775;70;30;6;lake;false;lakes;0
1776;15;82;16;lake;false;lakes;0
1777;1;103;43;lake;false;lakes;0
1778;53;36;31;lake;false;lakes;0
1779;9;5;128;lake;false;lakes;0
1780;22;29;97;lake;false;lakes;0
1781;21;30;61;lake;false;lakes;0
1782;19;39;81;lake;false;lakes;0
1783;32;34;70;lake;false;lakes;0
1784;9;20;104;lake;false;lakes;0
1785;63;57;14;lake;false;lakes;0
1786;9;109;28;lake;false;lakes;0
1787;2;3;123;lake;false;lakes;0
1788;33;48;51;lake;false;lakes;0
1789;32;51;58;lake;false;lakes;0
1790;22;41;72;lake;false;lakes;0
1791;4;41;77;lake;false;lakes;0
1792;54;79;12;lake;false;lakes;0
1793;22;65;59;lake;false;lakes;0
1794;11;34;89;lake;false;lakes;0
1795;98;42;9;lake;false;lakes;0
1796;26;15;93;lake;false;lakes;0
1797;126;3;8;lake;false;lakes;0
1798;55;8;58;lake;false;lakes;0
1799;71;15;31;lake;false;lakes;0
1800;0;47;58;lake;false;lakes;0
1801;78;18;7;lake;false;lakes;0
1802;32;73;25;lake;false;lakes;0
1803;9;95;24;lake;false;lakes;0
1804;79;8;39;lake;false;lakes;0
1805;65;37;4;lake;false;lakes;0
1806;40;6;97;lake;false;lakes;0
1807;27;6;73;lake;false;lakes;0
1808;5;102;19;lake;false;lakes;0
1809;15;102;24;lake;false;lakes;0
1810;10;104;32;lake;false;lakes;0
1811;105;30;7;lake;false;lakes;0
1812;2;60;79;lake;false;lakes;0
1813;3;26;83;lake;false;lakes;0
1814;97;14;0;lake;false;lakes;0
1815;78;1;26;lake;false;lakes;0
1816;73;50;15;lake;false;lakes;0
1817;52;84;6;lake;false;lakes;0
1818;24;39;78;lake;false;lakes;0
1819;86;15;8;lake;false;lakes;0
1820;37;79;19;lake;false;lakes;0
1821;9;25;91;lake;false;lakes;0
1822;0;108;12;lake;false;lakes;0
1823;10;14;86;lake;false;lakes;0
1824;14;91;27;lake;false;lakes;0
1825;9;62;32;lake;false;lakes;0
1826;29;28;65;lake;false;lakes;0
1827;20;10;92;lake;false;lakes;0
1828;32;90;2;lake;false;lakes;0
1829;0;72;72;lake;false;lakes;0
1830;5;102;39;lake;false;lakes;0
1831;96;4;17;lake;false;lakes;0
1832;37;38;64;lake;false;lakes;0
1833;2;38;76;lake;false;lakes;0
1834;4;109;19;lake;false;lakes;0
1835;41;51;47;lake;false;lakes;0
1836;77;1;67;lake;false;lakes;0
1837;3;10;101;lake;false;lakes;0
1838;7;100;5;lake;false;lakes;0
1839;79;42;5;lake;false;lakes;0
1840;50;5;82;lake;false;lakes;0
1841;37;111;0;lake;false;lakes;0
1842;33;52;18;lake;false;lakes;0
1843;54;1;50;lake;false;lakes;0
1844;58;51;37;lake;false;lakes;0
1845;74;8;22;lake;false;lakes;0
1846;3;108;38;lake;false;lakes;0
1847;39;12;62;lake;false;lakes;0
1848;43;79;21;lake;false;lakes;0
1849;15;55;48;lake;false;lakes;0
1850;47;57;29;lake;false;lakes;0
1851;60;16;46;lake;false;lakes;0
1852;104;18;22;lake;false;lakes;0
1853;35;6;71;lake;false;lakes;0
1854;84;47;18;lake;false;lakes;0
1855;69;20;59;lake;false;lakes;0
1856;36;99;2;lake;false;lakes;0
1857;20;78;33;lake;false;lakes;0
1858;11;34;67;lake;false;lakes;0
1859;67;0;67;lake;false;lakes;0
1860;7;81;40;lake;false;lakes;0
1861;51;1;83;lake;false;lakes;0
1862;17;50;64;lake;false;lakes;0
1863;58;39;10;lake;false;lakes;0
1864;53;58;26;lake;false;lakes;0
1865;20;93;0;lake;false;lakes;0
1866;25;48;34;lake;false;lakes;0
1867;20;37;47;lake;false;lakes;0
1868;39;21;81;lake;false;lakes;0
1869;79;27;43;lake;false;lakes;0
1870;26;102;19;lake;false;lakes;0
1871;32;7;92;lake;false;lakes;0
1872;42;44;52;lake;false;lakes;0
1873;3;14;120;lake;false;lakes;0
1874;3;62;52;lake;false;lakes;0
1875;20;61;31;lake;false;lakes;0
1876;96;33;6;lake;false;lakes;0
1877;105;10;7;lake;false;lakes;0
1878;94;19;5;lake;false;lakes;0
1879;44;23;79;lake;false;lakes;0
1880;72;49;14;lake;false;lakes;0
1881;16;89;44;lake;false;lakes;0
1882;54;13;71;lake;false;lakes;0
1883;39;74;8;lake;false;lakes;0
1884;45;32;62;lake;false;lakes;0
1885;8;78;15;lake;false;lakes;0
1886;4;132;11;lake;false;lakes;0
1887;76;35;5;lake;false;lakes;0
1888;83;32;24;lake;false;lakes;0
1889;28;60;61;lake;false;lakes;0
1890;52;59;30;lake;false;lakes;0
1891;69;19;33;lake;false;lakes;0
1892;82;1;63;lake;false;lakes;0
1893;83;12;18;lake;false;lakes;0
1894;97;29;23;lake;false;lakes;0
1895;5;68;34;lake;false;lakes;0
1896;34;8;101;lake;false;lakes;0
1897;75;6;49;lake;false;lakes;0
1898;80;23;31;lake;false;lakes;0
1899;28;84;2;lake;false;lakes;0
1900;30;25;76;lake;false;lakes;0
1901;19;90;5;lake;false;lakes;0
1902;31;11;80;lake;false;lakes;0
1903;98;31;14;lake;false;lakes;0
1904;19;65;17;lake;false;lakes;0
1905;15;74;57;lake;false;lakes;0
1906;26;6;84;lake;false;lakes;0
1907;61;8;75;lake;false;lakes;0
1908;54;61;6;lake;false;lakes;0
1909;97;9;1;lake;false;lakes;0
1910;63;77;6;lake;false;lakes;0
1911;105;8;15;lake;false;lakes;0
1912;101;30;14;lake;false;lakes;0
1913;59;13;66;lake;false;lakes;0
1914;37;63;26;lake;false;lakes;0
1915;4;80;59;lake;false;lakes;0
1916;31;2;97;lake;false;lakes;0
1917;67;15;45;lake;false;lakes;0
1918;34;10;104;lake;false;lakes;0
1919;22;22;100;lake;false;lakes;0
1920;81;21;33;lake;false;lakes;0
1921;14;52;74;lake;false;lakes;0
1922;60;59;3;lake;false;lakes;0
1923;1;82;31;lake;false;lakes;0
1924;17;36;62;lake;false;lakes;0
1925;49;6;69;lake;false;lakes;0
1926;61;1;53;lake;false;lakes;0
1927;11;67;61;lake;false;lakes;0
1928;73;14;19;lake;false;lakes;0
1929;0;55;56;lake;false;lakes;0
1930;3;83;62;lake;false;lakes;0
1931;35;25;42;lake;false;lakes;0
1932;77;35;21;lake;false;lakes;0
1933;21;55;63;lake;false;lakes;0
1934;79;34;17;lake;false;lakes;0
1935;23;19;103;lake;false;lakes;0
1936;5;52;69;lake;false;lakes;0
1937;41;26;34;lake;false;lakes;0
1938;11;45;77;lake;false;lakes;0
1939;113;22;3;lake;false;lakes;0
1940;69;47;12;lake;false;lakes;0
1941;12;49;50;lake;false;lakes;0
1942;6;27;75;lake;false;lakes;0
1943;23;30;68;lake;false;lakes;0
1944;50;29;65;lake;false;lakes;0
1945;5;71;72;lake;false;lakes;0
1946;27;23;88;lake;false;lakes;0
1947;50;22;42;lake;false;lakes;0
1948;70;41;1;lake;false;lakes;0
1949;63;0;75;lake;false;lakes;0
1950;21;4;106;lake;false;lakes;0
1951;64;78;3;lake;false;lakes;0
1952;7;7;87;lake;false;lakes;0
1953;48;22;34;lake;false;lakes;0
1954;40;9;67;lake;false;lakes;0
1955;4;115;13;lake;false;lakes;0
1956;120;16;0;lake;false;lakes;0
1957;66;22;36;lake;false;lakes;0
1958;61;42;20;lake;false;lakes;0
1959;19;6;113;lake;false;lakes;0
1960;15;54;71;lake;false;lakes;0
1961;22;104;11;lake;false;lakes;0
1962;43;22;59;lake;false;lakes;0
1963;10;39;92;lake;false;lakes;0
1964;93;39;0;lake;false;lakes;0
1965;49;70;0;lake;false;lakes;0
1966;90;24;31;lake;false;lakes;0
1967;40;53;8;lake;false;lakes;0
1968;24;34;88;lake;false;lakes;0
1969;45;74;15;lake;false;lakes;0
1970;48;11;51;lake;false;lakes;0
1971;60;11;51;lake;false;lakes;0
1972;26;70;6;lake;false;lakes;0
1973;2;46;91;lake;false;lakes;0
1974;8;40;84;lake;false;lakes;0
1975;78;35;34;lake;false;lakes;0
1976;16;26;92;lake;false;lakes;0
1977;51;7;50;lake;false;lakes;0
1978;112;26;6;lake;false;lakes;0
1979;25;11;102;lake;false;lakes;0
1980;10;58;55;lake;false;lakes;0
1981;83;13;45;lake;false;lakes;0
1982;69;57;8;lake;false;lakes;0
1983;57;47;28;lake;false;lakes;0
1984;75;18;41;lake;false;lakes;0
1985;99;25;16;lake;false;lakes;0
1986;113;16;16;lake;false;lakes;0
1987;5;99;21;lake;false;lakes;0
1988;37;40;56;lake;false;lakes;0
1989;49;29;62;lake;false;lakes;0
1990;5;100;26;lake;false;lakes;0
1991;8;3;103;lake;false;lakes;0
1992;31;48;58;lake;false;lakes;0
1993;29;80;26;lake;false;lakes;0
1994;16;43;51;lake;false;lakes;0
1995;12;77;51;lake;false;lakes;0
1996;24;49;44;lake;false;lakes;0
1997;46;30;57;lake;false;lakes;0
1998;16;46;85;lake;false;lakes;0
1999;76;57;8;lake;false;lakes;0
2000;23;24;62;lake;false;lakes;0
2001;52;40;32;lake;false;lakes;0
2002;5;55;41;lake;false;lakes;0
2003;12;13;118;lake;false;lakes;0
2004;24;4;84;lake;false;lakes;0
2005;5;68;36;lake;false;lakes;0
2006;69;36;16;lake;false;lakes;0
2007;77;42;23;lake;false;lakes;0
2008;14;74;53;lake;false;lakes;0
2009;60;56;14;lake;false;lakes;0
2010;50;52;3;lake;false;lakes;0
2011;73;75;0;lake;false;lakes;0
2012;121;17;8;lake;false;lakes;0
2013;82;26;30;lake;false;lakes;0
2014;85;47;1;lake;false;lakes;0
2015;16;9;80;lake;false;lakes;0
2016;44;36;22;lake;false;lakes;0
2017;65;11;52;lake;false;lakes;0
2018;52;31;32;lake;false;lakes;0
2019;74;21;43;lake;false;lakes;0
2020;95;2;23;lake;false;lakes;0
2021;31;15;89;lake;false;lakes;0
2022;48;73;7;lake;false;lakes;0
2023;6;29;97;lake;false;lakes;0
2024;50;18;54;lake;false;lakes;0
2025;53;34;49;lake;false;lakes;0
2026;30;40;58;lake;false;lakes;0
2027;73;12;54;lake;false;lakes;0
2028;13;69;27;lake;false;lakes;0
2029;84;43;1;lake;false;lakes;0
2030;35;26;56;lake;false;lakes;0
2031;69;9;31;lake;false;lakes;0
2032;118;16;11;lake;false;lakes;0
2033;0;85;59;lake;false;lakes;0
2034;52;91;1;lake;false;lakes;0
2035;85;24;24;lake;false;lakes;0
2036;92;38;7;lake;false;lakes;0
2037;33;63;44;lake;false;lakes;0
2038;112;6;17;lake;false;lakes;0
2039;7;112;24;lake;false;lakes;0
